{
    "tipDetails": [
        {
            "id": 1,
            "description": "Staying hydrated is essential for overall health. Water helps regulate your body temperature, maintain energy levels, and aid digestion. Aim to drink at least 8 glasses of water a day to stay hydrated and support overall well-being."
        },
        {
            "id": 2,
            "description": "Vegetables and fiber-rich foods help you feel full longer and provide essential nutrients without excessive calories. Incorporating these into your diet can help control your weight and improve digestion. Aim for a variety of colorful vegetables for the best results."
        },
        {
            "id": 3,
            "description": "Regular exercise boosts metabolism, builds muscle, and improves cardiovascular health. By setting a goal of 30 minutes a day, 5 times a week, you can make exercise a consistent part of your routine and enhance overall health."
        },
        {
            "id": 4,
            "description": "Sugary drinks and processed foods are high in empty calories and low in nutritional value. Reducing these from your diet can help manage your weight and improve your overall health. Opt for whole foods and natural beverages instead."
        },
        {
            "id": 5,
            "description": "Tracking your calorie intake helps you become more aware of your eating habits. By monitoring what you consume, you can make more informed food choices and better manage your weight. Use a food diary or app to keep track of your calories."
        }
    ]
}