{
    "weightManagementTips": [
      {
        "id": 1,
        "tip": "Stay hydrated by drinking at least 8 glasses of water a day.",
        "category": "Lifestyle",
        "author": "Jahnavi and Haifa",
        "difficulty": "Easy"
      },
      {
        "id": 2,
        "tip": "Eat more vegetables and fiber-rich foods to stay fuller longer.",
        "category": "Diet",
        "author": "Nutritionist Blade Cooper",
        "difficulty": "Medium"
      },
      {
        "id": 3,
        "tip": "Exercise regularly – aim for 30 minutes a day, 5 times a week.",
        "category": "Exercise",
        "author": "Fitness Trainer Afra",
        "difficulty": "Hard"
      },
      {
        "id": 4,
        "tip": "Avoid sugary drinks and processed foods.",
        "category": "Diet",
        "author": "Nutritionist Emily James",
        "difficulty": "Medium"
      },
      {
        "id": 5,
        "tip": "Track your calorie intake to better understand your eating habits.",
        "category": "Lifestyle",
        "author": "Health Expert Rashford",
        "difficulty": "Medium"
      }
    ]
  }